{
  "name": "featurecarousel",
  "version": "1.3.3",
  "title": "jQuery Feature Carousel",
  "author": {
    "name": "Brian Osborne",
    "url": "http://www.bkosborne.com"
  },
  "licenses": [
    {
      "type": "GPLv3",
      "url": "https://github.com/bkosborne/jQuery-Feature-Carousel/blob/1.3.3/GPL-LICENSE.txt"
    },
    {
      "type": "MIT",
      "url": "https://github.com/bkosborne/jQuery-Feature-Carousel/blob/1.3.3/MTL-LICENSE.txt"
    }
  ],
  "description": "A carousel plugin typically used to rotate 'feature stories' on a website. Very customizable and elegant. Text/caption overlays are supported on each feature.",
  "keywords": ["carousel", "feature-carousel", "image-carousel", "rotator", "image-rotator", "3-d", "3d"],
  "homepage": "http://www.bkosborne.com/jQuery-Feature-Carousel",
  "demo": "http://www.bkosborne.com/jQuery-Feature-Carousel",
  "maintainers": [
    {
      "name": "Brian Osborne",
      "url": "http://www.bkosborne.com"
    }
  ]
}
