{
  "name": "b1njPolaroidGallerry",
  "title": "jQuery Polaroid Gallery",
  "description": "B1nj Polaroid Gallery is a very simple jQuery plugin.",
  "keywords": [
    "gallery",
    "photo",
    "polaroid"
  ],
  "version": "1.0.4",
  "author": {
    "name": "B1nj",
    "url": "http://www.b1nj.fr"
  },
  "licenses": [
    {
      "type": "MIT",
      "url": "http://www.opensource.org/licenses/mit-license.php"
    }
  ],
  "bugs": "https://github.com/b1nj/b1njPolaroidGallery/issues",
  "homepage": "http://www.b1nj.fr/blog/index.php?post/2012/08/19/B1nj-Polaroid-Gallery-%3A-Une-galerie-jQuery/css3/html5",
  "docs": "https://github.com/b1nj/b1njPolaroidGallery",
  "demo": "http://www.b1nj.fr/tests/b1njPolaroidGallery/",
  "download": "https://github.com/b1nj/b1njPolaroidGallery/archive/master.zip",
  "dependencies": {
    "jquery": ">=1.8",
    "ui-draggable": ">=1.8",
    "ui.mouse": ">=1.8",
    "ui.core": ">=1.8",
    "ui.widget": ">=1.8"
  }
}