{
  "name": "waterwheelcarousel",
  "version": "2.3.0",
  "title": "jQuery Waterwheel Carousel",
  "author": {
    "name": "Brian Osborne",
    "url": "http://www.bkosborne.com"
  },
  "licenses": [
    {
      "type": "GPLv3",
      "url": "https://github.com/bkosborne/jQuery-Waterwheel-Carousel/blob/master/GPL-LICENSE.txt"
    },
    {
      "type": "MIT",
      "url": "https://github.com/bkosborne/jQuery-Waterwheel-Carousel/blob/master/MIT-LICENSE.txt"
    }
  ],
  "description": "This jQuery plugin can display images with a cascading waterwheel effect.",
  "keywords": ["carousel", "waterwheel-carousel", "image-carousel", "rotator", "image-rotator", "3-d", "3d", "animation"],
  "homepage": "http://www.bkosborne.com/jquery-waterwheel-carousel",
  "demo": "http://www.bkosborne.com/jquery-waterwheel-carousel/demos",
  "maintainers": [
    {
      "name": "Brian Osborne",
      "url": "http://www.bkosborne.com"
    }
  ],
  "dependencies": {
    "jquery": ">=1.4.4"
  }
}
